{"sections":{"banner":{"type":"main-collection-banner","settings":{"show_collection_description":true,"show_collection_image":false,"color_scheme":"background-1"}},"product-grid":{"type":"main-collection-product-grid","settings":{"products_per_page":16,"columns_desktop":5,"color_scheme":"background-1","image_ratio":"square","image_shape":"blob","show_secondary_image":true,"show_vendor":true,"show_rating":true,"enable_quick_add":true,"enable_filtering":true,"filter_type":"horizontal","enable_sorting":true,"columns_mobile":"2","padding_top":36,"padding_bottom":36}},"collection_list_AWVagw":{"type":"collection-list","blocks":{"featured_collection_6pfraj":{"type":"featured_collection","settings":{"collection":"xio-cookies"}},"featured_collection_g4iEVV":{"type":"featured_collection","settings":{"collection":"xio-cookies-premium"}},"featured_collection_MkqrUe":{"type":"featured_collection","settings":{"collection":"featured-products"}}},"block_order":["featured_collection_6pfraj","featured_collection_g4iEVV","featured_collection_MkqrUe"],"settings":{"title":"","heading_size":"h1","image_ratio":"square","columns_desktop":3,"color_scheme":"","show_view_all":false,"columns_mobile":"1","swipe_on_mobile":true,"padding_top":36,"padding_bottom":36}}},"order":["banner","product-grid","collection_list_AWVagw"]}