{"name":"t:sections.footer.name","type":"footer","sections":{"footer":{"type":"footer","blocks":{"link_list_pGhFkL":{"type":"link_list","settings":{"heading":"Quick links","menu":"main-menu"}},"text_FfiTjp":{"type":"text","settings":{"heading":"Xio's Bakery","subtext":"<p>\"Bringing Sweet Temptation Right to Your Doorstep!\"<\/p>"}},"image_YDciTp":{"type":"image","settings":{"image":"shopify:\/\/shop_images\/Nuevo_Logo_XioCookies_Cuadrada_a44f63ce-a457-47f7-ae9e-626c8e35ee7e.png","image_width":245,"alignment":"right"}}},"block_order":["link_list_pGhFkL","text_FfiTjp","image_YDciTp"],"settings":{"color_scheme":"scheme-eee64747-f633-4a0e-a2ed-d1e038107469","newsletter_enable":true,"newsletter_heading":"Subscribe to our emails","enable_follow_on_shop":true,"show_social":true,"enable_country_selector":true,"enable_language_selector":true,"payment_enable":true,"show_policy":true,"margin_top":36,"padding_top":56,"padding_bottom":16}}},"order":["footer"]}