{"name":"t:sections.header.name","type":"header","sections":{"announcement-bar":{"type":"announcement-bar","blocks":{"announcement-bar-0":{"type":"announcement","settings":{"text":"New York Chunky o Guilt-Free... Elige Tu Felicidad!","link":""}}},"block_order":["announcement-bar-0"],"settings":{"color_scheme":"scheme-ad766b7c-bf43-482c-a61a-a9ef0ae8647b","show_line_separator":true,"show_social":true,"auto_rotate":false,"change_slides_speed":5,"enable_country_selector":false,"enable_language_selector":true}},"header":{"type":"header","settings":{"logo_position":"middle-left","menu":"main-menu","menu_type_desktop":"mega","sticky_header_type":"reduce-logo-size","show_line_separator":true,"color_scheme":"background-1","menu_color_scheme":"background-1","enable_country_selector":true,"enable_language_selector":true,"mobile_logo_position":"center","margin_bottom":0,"padding_top":0,"padding_bottom":0}}},"order":["announcement-bar","header"]}