{"sections":{"image_banner_khL4iC":{"type":"image-banner","settings":{"image":"shopify:\/\/shop_images\/IMG_5871.jpg","image_overlay_opacity":0,"image_height":"adapt","desktop_content_position":"middle-center","show_text_box":true,"desktop_content_alignment":"center","color_scheme":"","image_behavior":"none","mobile_content_alignment":"center","stack_images_on_mobile":true,"show_text_below":true}},"704f2606-3477-4031-bf1b-491feba9ee1f":{"type":"slideshow","blocks":{"4d00366e-8e1f-4601-a094-852814877f04":{"type":"slide","settings":{"image":"shopify:\/\/shop_images\/banner1.jpg","heading":"","heading_size":"h1","subheading":"","button_label":"","link":"","button_style_secondary":false,"box_align":"middle-center","show_text_box":false,"text_alignment":"center","image_overlay_opacity":0,"color_scheme":"background-1","text_alignment_mobile":"center"}},"template--16194529034395__704f2606-3477-4031-bf1b-491feba9ee1f-slide-1":{"type":"slide","settings":{"image":"shopify:\/\/shop_images\/1.jpg","heading":"","heading_size":"h1","subheading":"","button_label":"","link":"","button_style_secondary":false,"box_align":"middle-center","show_text_box":false,"text_alignment":"center","image_overlay_opacity":20,"color_scheme":"scheme-ad766b7c-bf43-482c-a61a-a9ef0ae8647b","text_alignment_mobile":"center"}},"template--16194529034395__704f2606-3477-4031-bf1b-491feba9ee1f-slide-2":{"type":"slide","settings":{"image":"shopify:\/\/shop_images\/presentacion_2.png","heading":"","heading_size":"h1","subheading":"","button_label":"","link":"","button_style_secondary":false,"box_align":"middle-center","show_text_box":false,"text_alignment":"center","image_overlay_opacity":20,"color_scheme":"scheme-ad766b7c-bf43-482c-a61a-a9ef0ae8647b","text_alignment_mobile":"center"}}},"block_order":["4d00366e-8e1f-4601-a094-852814877f04","template--16194529034395__704f2606-3477-4031-bf1b-491feba9ee1f-slide-1","template--16194529034395__704f2606-3477-4031-bf1b-491feba9ee1f-slide-2"],"disabled":true,"settings":{"layout":"full_bleed","slide_height":"adapt_image","slider_visual":"dots","auto_rotate":true,"change_slides_speed":5,"image_behavior":"none","show_text_below":false,"accessibility_info":""}},"featured_collection":{"type":"featured-collection","settings":{"title":"Best Sellers","heading_size":"h1","description":"","show_description":false,"description_style":"body","collection":"featured-products","products_to_show":8,"columns_desktop":5,"full_width":false,"show_view_all":true,"view_all_style":"solid","enable_desktop_slider":true,"color_scheme":"background-1","image_ratio":"square","image_shape":"blob","show_secondary_image":true,"show_vendor":true,"show_rating":true,"enable_quick_add":true,"columns_mobile":"2","swipe_on_mobile":true,"padding_top":60,"padding_bottom":36}},"collection_list_KH7i9W":{"type":"collection-list","blocks":{"featured_collection_PeCV8m":{"type":"featured_collection","settings":{"collection":"featured-products"}},"featured_collection_qTNcML":{"type":"featured_collection","settings":{"collection":"best-sellers"}},"featured_collection_YUePmy":{"type":"featured_collection","settings":{"collection":"xio-cookies-premium"}}},"block_order":["featured_collection_PeCV8m","featured_collection_qTNcML","featured_collection_YUePmy"],"disabled":true,"settings":{"title":"Premiun collections","heading_size":"h1","image_ratio":"square","columns_desktop":3,"color_scheme":"","show_view_all":false,"columns_mobile":"1","swipe_on_mobile":false,"padding_top":36,"padding_bottom":36}},"a73cdb58-9608-4600-b775-3a211679f6e5":{"type":"rich-text","blocks":{"template--16194529034395__a73cdb58-9608-4600-b775-3a211679f6e5-heading-1":{"type":"heading","settings":{"heading":"Xio's Bakery offers you","heading_size":"h1"}},"template--16194529034395__a73cdb58-9608-4600-b775-3a211679f6e5-text-1":{"type":"text","settings":{"text":"<p><em>Elevate your cookie experience with our gourmet collection, featuring unique flavors and premium ingredients, here you will find our delicious assorted flavors.<\/em><\/p>"}}},"block_order":["template--16194529034395__a73cdb58-9608-4600-b775-3a211679f6e5-heading-1","template--16194529034395__a73cdb58-9608-4600-b775-3a211679f6e5-text-1"],"settings":{"desktop_content_position":"center","content_alignment":"center","color_scheme":"scheme-eee64747-f633-4a0e-a2ed-d1e038107469","full_width":true,"padding_top":40,"padding_bottom":52}},"featured_collection_QAwbft":{"type":"featured-collection","settings":{"title":"Premium Cookies","heading_size":"h1","description":"","show_description":false,"description_style":"body","collection":"xio-cookies-premium","products_to_show":8,"columns_desktop":4,"full_width":false,"show_view_all":true,"view_all_style":"solid","enable_desktop_slider":false,"color_scheme":"","image_ratio":"square","image_shape":"blob","show_secondary_image":true,"show_vendor":true,"show_rating":true,"enable_quick_add":true,"columns_mobile":"2","swipe_on_mobile":false,"padding_top":36,"padding_bottom":36}},"5643fc05-8705-4020-ad63-af585d5701eb":{"type":"newsletter","blocks":{"template--16194529034395__5643fc05-8705-4020-ad63-af585d5701eb-heading-1":{"type":"heading","settings":{"heading":"Subscribe to our emails","heading_size":"h1"}},"template--16194529034395__5643fc05-8705-4020-ad63-af585d5701eb-paragraph-1":{"type":"paragraph","settings":{"text":"<p>Get 10% OFF on your first purchase and be the first to know about new collections and exclusive offers.<\/p>"}},"template--16194529034395__5643fc05-8705-4020-ad63-af585d5701eb-email_form-1":{"type":"email_form","settings":{}}},"block_order":["template--16194529034395__5643fc05-8705-4020-ad63-af585d5701eb-heading-1","template--16194529034395__5643fc05-8705-4020-ad63-af585d5701eb-paragraph-1","template--16194529034395__5643fc05-8705-4020-ad63-af585d5701eb-email_form-1"],"settings":{"color_scheme":"scheme-eee64747-f633-4a0e-a2ed-d1e038107469","full_width":true,"padding_top":40,"padding_bottom":52}},"featured_collection_YHBdyr":{"type":"featured-collection","settings":{"title":"Xio Classics","heading_size":"h1","description":"","show_description":false,"description_style":"body","collection":"xio-cookies","products_to_show":8,"columns_desktop":5,"full_width":false,"show_view_all":true,"view_all_style":"solid","enable_desktop_slider":true,"color_scheme":"","image_ratio":"square","image_shape":"blob","show_secondary_image":true,"show_vendor":true,"show_rating":true,"enable_quick_add":true,"columns_mobile":"2","swipe_on_mobile":true,"padding_top":36,"padding_bottom":36}},"collage_yzMUhD":{"type":"collage","blocks":{"product_3ahrcC":{"type":"product","settings":{"product":"xio-brownie","second_image":true}},"product_ALQg7W":{"type":"product","settings":{"product":"pirulin","second_image":true}},"product_96b8Fw":{"type":"product","settings":{"product":"almond-truffle-cookie","second_image":true}}},"block_order":["product_3ahrcC","product_ALQg7W","product_96b8Fw"],"settings":{"heading":"","heading_size":"h2","desktop_layout":"left","mobile_layout":"collage","card_styles":"product-card-wrapper","color_scheme":"","padding_top":36,"padding_bottom":4}},"2413b991-be22-43a1-997b-4fc270909f25":{"type":"multicolumn","blocks":{"template--16194529034395__2413b991-be22-43a1-997b-4fc270909f25-column-2":{"type":"column","settings":{"image":"shopify:\/\/shop_images\/ImagendeWhatsApp2024-02-17alas15.52.26_50e4858e.jpg","title":"","text":"","link_label":"Mini Crush","link":"shopify:\/\/products\/mini-crush"}},"template--16194529034395__2413b991-be22-43a1-997b-4fc270909f25-column-3":{"type":"column","settings":{"image":"shopify:\/\/shop_images\/ImagendeWhatsApp2023-12-08alas13.52.58_442305c8.jpg","title":"","text":"","link_label":"Xio Coffee","link":"shopify:\/\/products\/xiocoffee"}}},"block_order":["template--16194529034395__2413b991-be22-43a1-997b-4fc270909f25-column-2","template--16194529034395__2413b991-be22-43a1-997b-4fc270909f25-column-3"],"settings":{"title":"Little pieces of happiness","heading_size":"h1","image_width":"full","image_ratio":"square","columns_desktop":2,"column_alignment":"left","background_style":"primary","button_label":"","button_link":"shopify:\/\/collections\/xio-products","color_scheme":"","columns_mobile":"1","swipe_on_mobile":false,"padding_top":36,"padding_bottom":36}},"rich_text_pXReRk":{"type":"rich-text","blocks":{"heading_4i9PXC":{"type":"heading","settings":{"heading":"Follow us on Instagram @XioCookies","heading_size":"h2"}}},"block_order":["heading_4i9PXC"],"disabled":true,"settings":{"desktop_content_position":"center","content_alignment":"center","color_scheme":"","full_width":true,"padding_top":0,"padding_bottom":0}},"9a05c898-1dba-440e-82f7-af0afce3e87d":{"type":"custom-liquid","custom_css":[".instagram-media,.instagram-media-rendered {margin: auto !important; border: none !important; outline: none !important;}"],"settings":{"custom_liquid":"<section id=\"custom-homepage-instagram-feed-container\" class=\"shopify-section section\">\n<h2 class=\"h2 title center\">Follow us on Instagram<br\/><a href=\"https:\/\/instagram.com\/xiocookies\">@xiocookies<\/a><\/h2>\n    <blockquote class=\"instagram-media\" data-instgrm-permalink=\"https:\/\/www.instagram.com\/xiocookies?utm_source=ig_web_button_share_sheet&igsh=ZDNlZDc0MzIxNw==?utm_source=ig_embed&amp;utm_campaign=loading\" data-instgrm-version=\"14\" style=\" background:#FFF; border:0; border-radius:3px; margin: 1px; max-width:10; min-width:326px; padding:0; width:99.375%; width:-webkit-calc(100% - 2px); width:calc(100% - 2px);\">\n        <div style=\"padding:16px;\"> \n            <a href=\"https:\/\/www.instagram.com\/xio_s.t?utm_source=ig_web_button_share_sheet&igsh=ZDNlZDc0MzIxNw==?utm_source=ig_embed&amp;utm_campaign=loading\" style=\" background:#FFFFFF; line-height:0; padding:0 0; text-align:center; text-decoration:none; width:100%;\" target=\"_blank\"> \n                <div style=\" display: flex; flex-direction: row; align-items: center;\"> \n                    <div style=\"background-color: #F4F4F4; border-radius: 50%; flex-grow: 0; height: 40px; margin-right: 14px; width: 40px;\"><\/div> \n                    <div style=\"display: flex; flex-direction: column; flex-grow: 1; justify-content: center;\"> \n                        <div style=\" background-color: #F4F4F4; border-radius: 4px; flex-grow: 0; height: 14px; margin-bottom: 6px; width: 100px;\"><\/div> \n                        <div style=\" background-color: #F4F4F4; border-radius: 4px; flex-grow: 0; height: 14px; width: 60px;\"><\/div>\n                    <\/div>\n                <\/div>\n                <div style=\"padding: 19% 0;\"><\/div> \n                <div style=\"padding-top: 8px;\"> <\/div>\n                <div style=\"padding: 12.5% 0;\"><\/div> \n                <div style=\"display: flex; flex-direction: row; margin-bottom: 14px; align-items: center;\">\n                    <div> \n                        <div style=\"background-color: #F4F4F4; height: 12.5px; transform: rotate(-45deg) translateX(3px) translateY(1px); width: 12.5px; flex-grow: 0; margin-right: 14px; margin-left: 2px;\"><\/div> \n                        <div style=\"background-color: #F4F4F4; border-radius: 50%; height: 12.5px; width: 12.5px; transform: translateX(9px) translateY(-18px);\"><\/div>\n                    <\/div>\n                    <div style=\"margin-left: 8px;\"> \n                        <div style=\" background-color: #F4F4F4; border-radius: 50%; flex-grow: 0; height: 20px; width: 20px;\"><\/div> \n                        <div style=\" width: 0; height: 0; border-top: 2px solid transparent; border-left: 6px solid #f4f4f4; border-bottom: 2px solid transparent; transform: translateX(16px) translateY(-4px) rotate(30deg)\"><\/div>\n                    <\/div>\n                    <div style=\"margin-left: auto;\"> \n                        <div style=\" width: 0px; border-top: 8px solid #F4F4F4; border-right: 8px solid transparent; transform: translateY(16px);\"><\/div> \n                    <\/div>\n                <\/div> \n                <div style=\"display: flex; flex-direction: column; flex-grow: 1; justify-content: center; margin-bottom: 24px;\"> <\/div>\n            <\/a>\n        <\/div>\n    <\/blockquote> \n    <script async src=\"\/\/www.instagram.com\/embed.js\"><\/script>\n<\/section><\/div>","color_scheme":"","padding_top":0,"padding_bottom":0}}},"order":["image_banner_khL4iC","704f2606-3477-4031-bf1b-491feba9ee1f","featured_collection","collection_list_KH7i9W","a73cdb58-9608-4600-b775-3a211679f6e5","featured_collection_QAwbft","5643fc05-8705-4020-ad63-af585d5701eb","featured_collection_YHBdyr","collage_yzMUhD","2413b991-be22-43a1-997b-4fc270909f25","rich_text_pXReRk","9a05c898-1dba-440e-82f7-af0afce3e87d"]}